Gene,T1,T2,T3,T4,T5,T6,T7,T8,T9,C1,C2,C3,C4,C5,C6,C7,C8,C9
rna-NM_001075393.1,41,37,52,52,67,67,47,47,31,47,47,47,47,53,53,39,39,53
rna-XM_005203432.3,24,22,13,13,0,0,43,34,0,0,0,0,0,27,27,36,36,19
rna-NM_001038517.1,21,19,18,18,4,4,7,7,21,15,15,21,21,36,36,8,8,11
rna-NM_001038158.2,461,433,396,395,431,431,432,431,459,455,456,470,469,661,661,374,373,484
rna-NM_174737.2,27,26,67,67,53,53,25,25,16,30,30,26,26,25,25,32,32,9
rna-XM_005203219.4,14,13,25,25,17,17,32,32,0,15,15,22,22,9,9,22,22,14
MSTRG.3496.2,53,55,0,0,111,112,130,130,116,98,96,0,0,97,97,0,0,59
rna-XM_024985862.1,58,55,108,108,0,0,39,39,53,87,87,0,0,14,14,100,100,50
rna-NM_001105458.1,60,56,54,54,63,63,61,61,35,60,60,51,51,36,36,63,63,60
MSTRG.14620.15,221,193,339,339,174,175,185,185,156,152,150,398,399,205,205,237,245,232
MSTRG.13038.1,170,172,94,94,171,171,49,49,79,121,121,175,175,251,251,95,95,196
rna-NM_001035284.1,152,146,254,254,242,242,196,228,168,186,186,205,205,112,112,196,196,193
rna-XR_003034547.1,5,4,2,2,2,2,5,5,4,6,6,1,1,3,3,3,2,7
rna-XR_003033409.1,22,21,10,9,7,7,5,5,5,8,9,6,6,1,1,4,4,12
rna-XM_024994338.1,1,1,3,3,2,2,3,3,1,1,1,3,3,3,3,2,2,2
MSTRG.10228.4,60,53,20,20,12,12,58,58,0,33,33,30,30,6,6,14,14,14
rna-XM_024999524.1,208,183,38,38,191,191,142,142,47,0,0,140,140,51,51,120,120,139
MSTRG.7856.1,224,209,214,214,194,192,213,213,164,183,183,181,181,231,230,136,136,213
rna-XM_015472379.2,1,1,0,0,2,2,2,2,2,3,3,0,0,3,3,1,1,0
MSTRG.9092.3,6,7,0,0,0,0,0,0,0,0,0,0,0,0,0,0,0,0
rna-NM_001035009.3,64,57,90,90,64,64,0,0,0,73,73,54,54,68,68,83,83,70
MSTRG.2651.5,21,18,10,10,26,26,22,22,14,13,13,23,23,11,11,16,16,17
rna-XM_005223591.4,8,8,21,22,0,0,12,12,8,0,0,0,0,0,0,0,0,0
MSTRG.16118.1,18,18,17,17,0,0,9,9,18,17,33,9,26,0,0,21,21,69
MSTRG.11342.1,19,16,22,22,17,17,28,28,16,6,6,21,21,14,14,8,8,10
MSTRG.13829.1,68,63,56,56,102,102,70,70,74,153,153,71,71,96,96,109,109,71
MSTRG.16650.17,110,118,99,104,13,13,150,154,89,133,137,84,85,134,136,105,103,155
rna-XR_003034062.1,29,27,25,26,17,17,29,29,36,32,32,21,19,15,15,28,26,21
rna-NM_001075458.2,1,1,0,0,0,0,2,2,1,1,1,0,0,0,0,0,0,0
MSTRG.16723.3,30,23,61,61,47,47,55,55,8,49,49,7,7,53,53,17,17,34
rna-XM_024981958.1,50,49,0,0,68,68,0,0,0,0,0,0,0,30,30,22,22,0
rna-XM_025000734.1,15,35,58,58,0,0,10,10,20,33,34,77,77,0,0,21,21,64
rna-NM_001040537.2,121,111,176,176,140,140,162,162,117,128,129,130,130,113,113,161,161,122
rna-NM_001080332.2,9,7,26,26,22,22,0,0,9,3,3,9,9,13,13,0,0,0
rna-XM_024999637.1,15,15,0,0,2,2,17,17,0,0,0,5,5,0,0,0,0,0
rna-XM_005218300.4,2,2,0,0,0,0,0,0,1,1,1,0,0,0,0,0,0,5
rna-NM_001193242.1,60,55,76,76,78,78,95,95,57,54,54,42,42,67,67,54,54,83
rna-NM_001075924.1,3,3,9,9,4,4,7,7,5,4,4,3,3,0,0,2,2,1
rna-NM_001192037.2,219,207,121,121,262,262,246,246,148,210,210,246,246,128,128,138,138,222
rna-XM_005221557.3,14,0,0,0,59,59,103,103,0,0,0,266,266,0,0,0,0,4
MSTRG.7156.2,31,28,38,38,40,40,36,36,25,0,0,0,0,7,7,22,22,0
rna-XR_003034169.1,2,2,2,2,7,7,2,2,2,2,2,0,0,1,1,4,4,2
MSTRG.4105.1,13,13,28,28,14,14,15,15,23,22,22,17,17,24,24,10,10,27
rna-NM_001076078.2,298,280,338,337,395,395,297,297,247,289,289,339,339,298,298,261,261,287
rna-NM_001040503.2,5,5,0,0,0,0,5,6,0,0,0,0,0,0,0,0,0,5
rna-NM_001192701.2,2,3,0,0,0,0,0,0,0,2,2,6,5,2,3,2,3,2
rna-XM_024999603.1,88,20,0,0,54,54,58,58,0,26,26,0,0,0,0,114,96,0
rna-XM_010808392.3,15,15,3,3,23,23,24,24,13,31,31,24,24,22,22,20,20,28
rna-XM_024982017.1,12,12,0,0,10,10,25,25,0,0,0,14,14,0,0,0,0,0
MSTRG.8015.3,4,0,0,0,16,16,0,0,0,0,0,0,0,0,0,28,28,0
rna-XM_005207448.4,24,21,14,14,28,28,24,24,20,31,31,27,27,18,18,38,38,33
rna-XM_010810013.3,37,38,38,38,10,11,38,38,19,0,0,37,37,0,0,0,0,0
rna-XM_005203700.4,27,25,145,145,20,20,36,36,17,27,27,99,99,0,0,53,53,0
MSTRG.7130.2,218,224,239,239,119,119,98,98,86,272,272,225,225,241,241,170,170,259
rna-XM_005208861.4,47,52,0,0,0,0,43,43,0,88,88,0,0,0,0,0,0,0
MSTRG.9646.1,201,205,297,297,389,388,126,125,102,188,188,357,357,167,167,23,22,83
rna-XM_024999155.1,90,87,29,29,94,94,120,120,43,70,70,74,74,82,82,42,42,70
rna-NM_001035014.2,1462,1373,1547,1547,2151,2151,1723,1723,1256,1659,1659,1594,1593,1634,1633,1437,1437,1401
MSTRG.13538.7,6220,5769,6072,6071,7075,7073,8213,8210,4341,5360,5358,6466,6465,6948,6947,5610,5662,5826
MSTRG.3163.3,194,140,210,210,111,111,191,191,177,249,249,58,58,111,111,209,209,161
MSTRG.7843.1,86,87,0,0,85,85,10,10,0,0,0,102,101,15,15,0,0,41
rna-XM_005215017.2,119,110,85,85,49,49,100,100,56,81,81,70,70,76,76,66,66,81
rna-NM_178572.2,463,442,425,425,760,759,495,495,521,339,338,363,363,538,538,394,393,211
rna-NM_001040599.1,117,112,137,137,112,112,134,134,111,106,106,118,118,97,97,85,85,102
rna-NM_001076949.1,1,1,2,2,0,0,0,0,1,0,0,0,0,0,0,0,0,0
rna-NM_001192099.1,153,141,184,184,180,180,204,204,137,186,186,150,150,183,183,184,184,178
MSTRG.2002.27,59,54,88,88,78,78,70,70,73,58,58,55,55,54,54,54,54,66
MSTRG.14495.6,7,5,0,0,21,21,17,17,0,22,21,12,12,0,0,16,16,0
rna-XR_003030763.1,14,14,0,0,0,0,0,0,0,7,7,9,9,0,0,0,0,12
rna-NM_001014936.1,941,875,877,877,1340,1340,1010,1009,673,973,973,1043,1042,987,986,843,843,807
MSTRG.3064.7,56,70,0,0,68,68,72,72,42,0,0,0,0,71,71,0,0,46
MSTRG.4415.22,19,17,7,7,19,19,39,39,0,11,11,8,9,5,5,11,11,21
rna-XR_003034491.1,1,1,0,0,0,0,0,0,1,0,0,1,1,0,0,0,0,0
MSTRG.16858.1,14,12,0,0,9,9,21,21,11,0,0,0,0,5,5,22,22,0
MSTRG.10847.2,14,14,38,38,17,16,17,17,8,10,10,16,16,13,13,10,11,19
rna-NM_001192496.1,11,11,0,0,9,9,10,10,9,16,16,48,48,16,16,11,11,21
rna-XM_005226488.4,60,60,0,0,53,53,58,58,49,0,0,46,46,0,0,38,38,33
rna-NM_001081511.1,122,119,246,246,233,233,277,277,178,264,264,193,193,244,244,123,123,242
rna-XM_005225746.3,242,201,0,0,459,458,349,350,234,288,288,0,0,96,96,75,46,181
rna-XR_003033105.1,1,1,0,0,0,0,0,0,0,0,0,0,0,0,0,0,0,0
rna-NM_001098126.2,26,24,28,28,28,28,41,41,31,19,19,35,35,34,34,16,16,24
rna-XM_010801673.3,37,38,31,31,21,21,17,17,19,24,24,10,10,17,17,21,21,21
rna-XM_015458147.2,5,5,0,0,0,0,0,0,0,0,0,0,0,0,0,8,8,0
MSTRG.5582.1,7,7,14,14,15,15,11,13,5,7,7,15,15,14,14,7,7,22
rna-XM_010818382.2,6,5,4,4,0,0,0,0,1,4,4,4,4,6,6,0,0,7
rna-NM_001037604.2,218,199,265,265,163,163,202,202,165,225,225,239,238,333,333,281,281,223
rna-XM_010805164.3,58,73,0,0,0,0,0,0,0,2,2,0,0,43,43,0,0,29
rna-XM_010808978.3,18,17,0,0,0,0,0,0,0,0,0,0,0,0,0,0,0,0
rna-NM_001046629.1,1,1,0,0,0,0,0,0,0,0,0,0,0,0,0,0,0,0
MSTRG.555.5,136,149,234,234,3,4,338,338,79,0,0,79,78,0,0,0,0,10
rna-NM_001075698.1,185,182,165,164,148,148,176,176,107,128,128,117,117,149,149,204,204,144
rna-NM_001046041.1,822,711,726,720,969,969,600,600,776,942,942,659,654,854,854,450,450,969
rna-NM_001078117.1,13,13,10,10,8,8,0,0,4,2,2,7,7,0,0,0,0,0
rna-XM_024978508.1,2,1,0,0,1,1,0,0,1,0,0,0,0,0,0,3,3,0
MSTRG.15724.4,3,3,1,1,0,0,0,0,1,1,1,0,0,0,0,6,6,0
rna-NM_001002889.1,4,4,10,10,2,2,30,30,10,7,7,19,19,5,5,10,10,13
rna-XM_024982257.1,5,4,11,11,12,12,4,4,15,10,10,16,14,16,16,25,24,20
rna-XR_808084.3,3,3,11,11,10,10,4,4,4,4,4,6,6,4,4,7,7,1
MSTRG.367.3,45,43,80,80,59,59,40,40,24,31,31,36,36,17,17,47,47,0
rna-NM_001192434.1,33,31,56,56,21,21,20,20,31,40,40,76,76,26,26,31,31,23
rna-XM_024981027.1,73,68,64,64,61,61,32,32,29,1,1,63,63,34,34,45,45,44
rna-XR_003034077.1,2,2,3,3,1,1,0,0,1,0,0,0,0,0,0,0,0,3
rna-XM_005211032.4,95,95,0,0,75,75,0,0,40,99,99,0,0,0,0,0,0,0
MSTRG.5126.4,19,20,0,0,0,0,0,0,0,8,8,41,41,0,0,0,0,16
rna-XM_015473568.2,24,24,34,34,25,25,61,61,17,31,31,31,31,34,34,37,37,44
rna-XR_805587.2,29,27,34,34,50,51,33,33,33,24,24,7,7,15,15,23,23,38
MSTRG.14818.3,4,5,6,6,2,2,9,9,6,3,3,17,17,8,8,8,8,9
rna-XM_024984949.1,133,129,168,168,7,7,0,0,63,75,75,220,157,0,0,0,0,0
MSTRG.16460.2,22,22,29,29,27,27,21,21,11,16,16,20,20,12,12,21,21,20
MSTRG.4501.8,337,304,424,423,413,413,421,421,417,601,602,531,533,126,125,729,729,555
rna-NM_001205320.1,3,2,1,1,2,2,3,3,1,4,4,0,0,3,3,0,0,0
rna-XM_024994568.1,83,65,19,19,13,13,56,56,13,47,47,13,13,45,45,8,8,30
rna-XM_015470898.2,4,4,7,7,5,5,0,0,0,0,0,0,0,4,4,0,0,0
rna-XM_024995981.1,7,7,14,14,0,0,7,7,11,6,6,7,7,31,31,6,6,23
rna-XR_238726.4,13,13,9,9,11,11,12,12,15,13,13,7,7,18,18,11,11,14
rna-XM_005209868.4,101,93,131,131,104,104,0,0,0,0,0,0,0,0,0,100,100,0
MSTRG.15376.5,613,572,595,594,668,669,912,913,777,926,927,814,814,546,547,895,894,841
MSTRG.5673.7,1,1,9,9,10,10,0,0,4,15,15,0,0,1,1,4,4,0
rna-XM_005224744.4,177,170,127,127,99,99,144,144,238,106,106,108,108,124,124,127,127,192
rna-NM_001076548.2,60,67,38,38,60,60,48,48,46,21,21,0,0,39,38,20,20,0
rna-XM_005211603.3,8,8,0,0,0,0,0,0,5,0,0,0,0,0,0,0,0,0
rna-XR_003031987.1,33,36,36,36,46,46,28,27,68,49,51,15,15,0,0,39,39,0
rna-XM_024999216.1,12,11,0,0,2,2,0,0,0,0,0,0,0,0,0,0,0,0
MSTRG.5959.2,14,14,39,39,15,15,16,16,33,0,0,15,15,21,21,27,27,26
rna-XM_010810047.2,1034,976,1213,1213,1688,1687,1416,1416,1274,1536,1534,1542,1541,1360,1360,1444,1443,1372
MSTRG.10923.8,50,54,8,8,66,66,82,83,122,47,47,95,95,74,74,91,91,219
rna-XM_025000504.1,19,18,0,0,0,0,0,0,0,0,0,0,0,0,0,0,0,0
MSTRG.15751.1,19,19,13,14,18,18,13,10,8,0,0,13,13,11,11,0,0,0
MSTRG.6499.1,42,42,57,57,78,78,71,71,57,66,66,63,63,71,71,42,42,57
rna-NM_174667.3,202,165,329,329,433,436,337,337,295,271,271,326,326,305,305,277,277,196
rna-XM_005201422.4,55,58,36,36,0,0,0,0,24,0,0,0,0,0,0,0,0,0
MSTRG.12715.12,154,155,155,165,138,138,153,154,136,123,123,110,122,179,178,154,155,63
rna-NM_001144108.2,85,72,42,42,48,48,34,34,0,141,141,56,56,0,0,0,0,94
rna-XM_005226402.4,44,39,39,39,30,30,111,111,27,37,37,42,42,33,33,24,24,41
rna-NM_001079636.2,1,1,0,0,1,1,1,1,1,0,0,0,0,0,0,0,0,0
MSTRG.11401.5,18,18,17,17,20,20,26,26,17,18,18,20,20,12,12,30,30,35
rna-NM_174073.2,3,2,9,9,2,2,5,5,9,7,7,3,3,4,4,1,1,8
rna-XM_024977180.1,57,57,47,47,56,56,82,82,0,84,84,88,88,74,74,47,47,76
MSTRG.10349.2,13,13,19,19,0,0,17,17,63,30,30,0,0,35,35,30,30,0
rna-NM_001105402.2,14,12,21,21,19,19,24,24,19,15,15,35,35,15,15,16,16,19
rna-XM_010816576.2,1,1,0,0,1,1,4,4,0,1,1,0,0,2,2,0,0,1
rna-XM_010812086.3,221,204,173,172,44,98,143,168,0,142,73,152,151,70,0,148,125,187
MSTRG.3356.6,444,435,560,559,624,624,498,498,352,379,379,457,457,383,329,357,355,550
rna-XM_003586568.5,424,402,451,451,442,442,493,493,414,469,469,401,401,562,562,397,397,545
rna-NM_001130930.1,646,617,813,812,693,693,674,674,707,607,607,824,824,705,705,637,636,743
rna-XM_015475379.2,24,29,0,0,0,0,0,0,0,28,28,0,0,75,75,0,0,0
rna-XR_809981.3,1,1,3,3,2,2,1,1,1,1,1,2,2,1,1,0,0,0
rna-NR_130174.1,14,11,10,10,5,5,10,10,7,5,5,7,7,0,0,3,3,0
rna-NM_001046465.1,79,79,72,72,61,61,123,123,50,66,67,12,7,71,71,56,55,72
MSTRG.3656.3,18,18,18,18,0,0,35,35,18,18,18,88,88,35,35,35,35,35
rna-XM_024982509.1,5,5,8,8,6,6,11,11,4,12,12,6,6,4,4,3,3,11
rna-XM_024998970.1,17,0,0,0,0,0,0,0,0,0,0,0,0,0,0,0,0,0
rna-NM_001191280.2,5,4,0,0,0,0,7,7,0,0,0,0,0,0,0,0,0,0
rna-XM_005220107.4,5,5,7,7,12,12,0,0,10,0,0,0,0,0,0,0,0,0
MSTRG.2342.59,121,101,1,0,1,1,39,40,0,21,21,0,0,0,0,1,1,86
rna-NM_001191213.1,55,59,91,91,104,104,64,64,72,54,54,49,49,86,86,115,115,112
rna-NM_174015.1,1,1,8,8,4,4,9,9,2,9,9,5,5,8,8,2,2,6
MSTRG.12309.6,19,18,0,0,33,33,38,38,10,0,0,19,19,2,5,7,7,25
rna-XR_003034041.1,1,2,11,11,4,4,5,5,4,6,6,11,12,5,5,2,2,4
MSTRG.16465.3,15,14,7,7,0,0,0,0,0,0,0,0,0,0,0,15,15,9
rna-NM_001319898.1,205,214,302,303,117,89,240,254,179,175,174,166,218,119,119,174,178,176
rna-NM_001038093.2,607,561,643,643,645,645,640,640,512,615,615,644,644,565,564,607,607,566
rna-XM_010819861.3,64,57,0,0,61,61,27,27,133,0,0,0,0,76,76,133,134,39
rna-NM_001159566.1,135,127,227,227,106,106,182,182,94,166,166,144,143,150,150,142,142,159
rna-XM_025000623.1,7,8,21,21,53,53,36,36,10,31,31,25,25,33,33,34,34,28
gene-LOC112445138,1,1,0,0,1,1,0,0,0,0,0,2,2,0,0,0,0,0
gene-LOC104974327,5,3,4,4,4,4,6,6,2,11,11,8,8,8,8,5,5,6
rna-XM_005201351.4,15,15,29,29,15,15,15,15,13,29,29,10,10,16,16,12,12,27
rna-XM_005221273.2,178,164,192,192,231,231,180,180,127,171,171,217,217,191,191,77,77,134
MSTRG.473.61,80,80,67,67,135,135,116,116,247,59,59,75,75,36,37,108,108,185
rna-NM_001083772.1,1093,1021,1016,1016,1436,1436,1252,1251,392,1068,1068,1160,1159,1210,1209,1124,1123,1363
rna-XR_003030572.1,1,1,1,1,0,0,1,1,0,0,0,1,1,0,0,2,2,1
MSTRG.1392.37,49,37,0,0,62,62,0,0,0,0,0,0,0,0,0,0,0,0
rna-XM_003586607.5,88,122,12,12,70,70,81,81,100,140,140,129,129,35,35,2,2,112
rna-XM_024979033.1,6,6,9,9,4,4,8,8,7,4,4,9,8,4,4,2,2,7
MSTRG.8854.4,12,12,12,12,15,15,18,18,13,15,15,16,16,14,14,15,15,6
rna-XM_002685144.6,42,41,46,46,54,54,34,34,44,44,44,57,57,43,43,57,57,59
rna-NM_001076235.2,11,10,25,25,23,23,21,21,12,16,16,21,21,29,29,27,27,38
rna-XR_003034817.1,1,1,0,0,0,0,0,0,0,0,0,0,0,1,1,2,2,0
rna-XM_024999382.1,54,51,75,75,55,50,60,67,68,35,30,52,58,60,60,61,60,65
rna-XM_003587790.5,232,221,218,216,234,234,314,314,174,197,197,222,221,229,228,239,239,248
rna-XM_024982744.1,10,10,0,0,2,2,4,4,1,0,0,0,0,0,0,0,0,1
rna-XM_024994889.1,5,4,2,2,4,4,4,4,1,2,2,0,0,3,3,4,4,4
MSTRG.10585.3,37,34,44,44,40,40,47,47,41,23,23,34,34,29,29,28,28,26
rna-XM_024975263.1,21,24,28,28,48,48,81,81,10,62,62,22,22,0,0,45,45,55
rna-XM_005209589.4,112,113,0,0,57,57,0,0,0,76,76,0,0,0,0,0,0,0
rna-NM_001076934.1,2,2,0,0,2,2,1,1,0,0,0,1,1,1,1,2,2,0
rna-NM_001101215.1,17,17,7,7,0,0,0,0,0,11,11,7,7,0,0,16,15,0
MSTRG.13962.25,100,84,29,31,125,123,75,74,52,87,85,65,64,101,99,57,53,66
MSTRG.12061.3,25,24,46,46,18,18,29,29,29,21,21,7,7,23,23,51,51,38
rna-NM_174754.2,289,261,345,345,367,367,338,338,320,378,378,298,298,273,273,299,298,326
MSTRG.10545.3,272,265,168,168,107,107,253,253,166,0,17,272,272,0,0,181,181,160
rna-XM_005218785.4,14,14,0,0,0,0,0,0,0,0,0,0,0,0,0,0,0,0
rna-XM_025001223.1,27,26,0,0,0,0,0,0,0,0,0,0,0,3,3,0,0,0
rna-NM_001077939.1,17,16,16,16,9,9,23,23,7,9,9,10,10,13,13,11,11,9
rna-XM_024986083.1,10,11,0,0,0,0,23,23,0,5,5,0,0,0,0,0,0,0
MSTRG.1500.8,20,11,57,24,6,0,62,62,23,82,82,0,0,73,73,31,1,60
rna-XM_024986781.1,5,6,8,8,17,17,14,14,0,22,22,6,6,15,15,26,26,12
MSTRG.15081.3,21,14,55,55,0,0,0,0,93,32,32,60,60,61,60,103,103,0
rna-XR_003030149.1,11,9,16,16,9,8,22,22,7,8,8,11,10,12,10,9,9,12
gene-LOC104972548,1,1,0,0,0,0,1,1,1,0,0,0,0,0,0,0,0,1
