"","T1","T2","T3","C1","C2","C3"
"gene-LOC783261",0,0,0,0,0,0
"rna-XM_010817516.3",0,6,0,0,0,0
"MSTRG.6154.16",10,0,0,0,51,0
"rna-XM_015474603.2",0,0,0,0,0,0
"rna-XM_024977576.1",12,17,22,44,140,28
"rna-NM_001206027.2",123,313,174,161,412,74
"MSTRG.858.5",126,113,209,199,1019,31
"gene-LOC112448343",0,0,0,0,0,0
"rna-XM_015475086.2",0,0,0,0,0,0
"rna-NM_001206823.1",0,0,0,1,0,0
"rna-NM_001076001.2",151,360,134,168,408,36
"rna-XM_024997856.1",925,1899,2099,204,195,83
"rna-XR_003031281.1",2,4,2,4,14,1
"rna-NM_001102555.1",28,0,106,0,0,30
"rna-XR_814965.3",87,432,108,81,170,86
"rna-XM_024982555.1",0,32,11,17,0,0
"rna-XM_024990361.1",14,0,0,36,39,57
"rna-XR_003034179.1",1,0,1,2,1,0
"rna-XM_024976238.1",0,125,0,0,0,0
"rna-NM_001075548.1",74,104,148,12,68,29
"MSTRG.18214.3",0,0,0,0,0,2
"rna-XM_024994391.1",12,0,0,0,0,23
"rna-NM_001205592.1",346,931,600,1056,766,139
"MSTRG.20121.1",0,0,0,0,0,0
"rna-XM_024989145.1",0,0,0,0,0,0
"rna-XM_024993126.1",0,0,0,0,0,0
"MSTRG.8017.7",0,0,0,0,0,0
"rna-XM_024986393.1",0,0,0,0,0,0
"MSTRG.9014.3",0,69,12,14,13,0
"rna-XM_005206378.4",0,13,8,26,17,0
"rna-TRNAT-AGU-12",0,0,0,0,0,0
"MSTRG.11155.4",9,36,10,24,36,11
"rna-XM_024978382.1",7,15,4,9,11,0
"MSTRG.193.26",7,0,0,18,16,6
"rna-MIR301A",0,0,0,0,0,0
"rna-XM_025000150.1",0,0,0,0,0,0
"rna-XR_003032289.1",0,0,1,0,0,0
"MSTRG.2057.5",21,111,62,60,105,9
"MSTRG.7497.3",0,0,0,0,0,0
"rna-XR_003029738.1",0,2,0,23,0,0
"rna-XM_010810002.3",10,9,0,0,9,0
"rna-XM_005223263.4",31,55,105,57,53,48
"MSTRG.4450.3",0,0,0,0,0,0
"rna-XR_003029372.1",0,4,0,3,0,0
"MSTRG.11711.1",58,147,20,0,0,193
"rna-XM_024991413.1",0,6,0,0,0,0
"rna-XR_003030392.1",0,0,0,0,0,0
"MSTRG.4154.2",284,818,427,481,778,53
"MSTRG.19500.15",0,70,5,0,42,20
"gene-LOC785735",0,1,0,1,0,0
"rna-XR_003037280.1",12,51,13,0,89,29
"rna-XM_005213606.4",0,3,0,0,0,0
"MSTRG.21599.4",0,9,0,19,8,2
"rna-NM_001034632.3",83,347,277,64,38,376
"rna-XR_003034362.1",0,0,0,0,0,0
"MSTRG.13525.3",0,8,9,0,0,0
"rna-XM_024991635.1",0,0,0,0,0,0
"rna-XR_233110.4",0,0,0,0,0,0
"MSTRG.12934.1",12,0,24,0,0,188
"rna-XM_024988973.1",0,489,2,2,335,0
"MSTRG.13700.5",295,1242,1029,348,357,494
"MSTRG.20653.2",4,38,14,39,124,2
"MSTRG.11360.4",9,0,0,0,3,0
"rna-XM_024988522.1",0,0,1,2,0,0
"rna-XR_003035216.1",0,2,0,2,0,0
"rna-XM_005224214.4",261,1182,323,1873,1136,823
"rna-XM_024991468.1",0,0,0,12,1,15
"rna-XR_003031519.1",1,1,6,1,0,1
"MSTRG.4821.3",14,59,33,63,150,3
"rna-XM_015471011.2",0,0,0,0,0,0
"rna-XM_024996120.1",0,147,517,133,0,0
"MSTRG.21150.34",0,0,0,0,0,0
"rna-NR_031320.1",0,0,0,0,0,0
"rna-XM_024988061.1",0,0,0,0,0,0
"rna-XM_024975882.1",0,0,0,0,0,0
"rna-XR_236840.4",0,1,0,0,0,0
"rna-XM_010808035.3",6,13,19,16,10,0
"rna-XM_024980710.1",0,10,0,0,0,0
"rna-XM_015471978.2",0,117,0,136,0,0
"MSTRG.14324.6",14,32,33,6,4,4
"rna-NM_001206910.1",276,1147,347,1876,588,850
"MSTRG.14352.1",1,5,1,2,5,13
"MSTRG.6941.4",182,366,110,240,601,68
"rna-XM_005227694.4",0,0,0,0,1,0
"MSTRG.21008.1",36,0,0,0,0,51
"rna-XM_024982945.1",81,286,0,0,105,0
"rna-XR_003030156.1",0,0,0,0,0,0
"rna-TRNAY-GUA-8",0,0,0,0,0,0
"rna-XM_024999771.1",94,168,126,64,22,0
"MSTRG.7529.7",55,239,0,60,212,0
"MSTRG.15110.13",20,27,30,13,11,34
"rna-XM_005216600.4",0,35,0,0,0,0
"rna-NM_001075958.1",0,5,2,1,2,2
"MSTRG.16963.1",0,9,39,45,40,79
"rna-NM_001035326.1",424,2089,754,481,822,1537
"rna-XM_010806605.3",0,0,0,0,0,0
"MSTRG.19594.2",316,2854,335,386,709,8
"rna-XM_024987912.1",4,0,0,0,0,0
"rna-XR_003032511.1",0,0,0,3,0,1
"rna-XM_015471665.2",0,0,0,0,0,0
